Gene,Position,Sequence,Score,Target
Smim32,0,GTGGCGTTGAACACGTCGCCGTA,0.5757,TACGGCGACGTGTTCAACGCCAC
Smim32,1,AGTGGCGTTGAACACGTCGCCGT,0.97626,ACGGCGACGTGTTCAACGCCACT
Smim32,2,TAGTGGCGTTGAACACGTCGCCG,0.19397,CGGCGACGTGTTCAACGCCACTA
Smim32,3,CTAGTGGCGTTGAACACGTCGCC,0.27205,GGCGACGTGTTCAACGCCACTAG
Smim32,4,GCTAGTGGCGTTGAACACGTCGC,0.87371,GCGACGTGTTCAACGCCACTAGC
Smim32,5,CGCTAGTGGCGTTGAACACGTCG,0.7028,CGACGTGTTCAACGCCACTAGCG
Smim32,6,CCGCTAGTGGCGTTGAACACGTC,0.45107,GACGTGTTCAACGCCACTAGCGG
Smim32,7,CCCGCTAGTGGCGTTGAACACGT,0.3489,ACGTGTTCAACGCCACTAGCGGG
Smim32,8,GCCCGCTAGTGGCGTTGAACACG,0.5146,CGTGTTCAACGCCACTAGCGGGC
Smim32,9,GGCCCGCTAGTGGCGTTGAACAC,0.15589,GTGTTCAACGCCACTAGCGGGCC
Smim32,10,CGGCCCGCTAGTGGCGTTGAACA,0.0438,TGTTCAACGCCACTAGCGGGCCG
Smim32,11,CCGGCCCGCTAGTGGCGTTGAAC,0.04543,GTTCAACGCCACTAGCGGGCCGG
Smim32,12,TCCGGCCCGCTAGTGGCGTTGAA,0.09944,TTCAACGCCACTAGCGGGCCGGA
Smim32,13,CTCCGGCCCGCTAGTGGCGTTGA,0.0819,TCAACGCCACTAGCGGGCCGGAG
Smim32,14,CCTCCGGCCCGCTAGTGGCGTTG,0.05213,CAACGCCACTAGCGGGCCGGAGG
Smim32,15,GCCTCCGGCCCGCTAGTGGCGTT,0.06118,AACGCCACTAGCGGGCCGGAGGC
Smim32,16,CGCCTCCGGCCCGCTAGTGGCGT,0.06265,ACGCCACTAGCGGGCCGGAGGCG
Smim32,17,CCGCCTCCGGCCCGCTAGTGGCG,0.06031,CGCCACTAGCGGGCCGGAGGCGG
Smim32,18,GCCGCCTCCGGCCCGCTAGTGGC,0.07857,GCCACTAGCGGGCCGGAGGCGGC
Smim32,19,CGCCGCCTCCGGCCCGCTAGTGG,0.04363,CCACTAGCGGGCCGGAGGCGGCG
Smim32,20,CCGCCGCCTCCGGCCCGCTAGTG,0.03224,CACTAGCGGGCCGGAGGCGGCGG
Smim32,21,CCCGCCGCCTCCGGCCCGCTAGT,0.0375,ACTAGCGGGCCGGAGGCGGCGGG
Smim32,22,TCCCGCCGCCTCCGGCCCGCTAG,0.05528,CTAGCGGGCCGGAGGCGGCGGGA
Smim32,23,TTCCCGCCGCCTCCGGCCCGCTA,0.10066,TAGCGGGCCGGAGGCGGCGGGAA
Smim32,24,CTTCCCGCCGCCTCCGGCCCGCT,0.05513,AGCGGGCCGGAGGCGGCGGGAAG
Smim32,25,ACTTCCCGCCGCCTCCGGCCCGC,0.42689,GCGGGCCGGAGGCGGCGGGAAGT
Smim32,26,CACTTCCCGCCGCCTCCGGCCCG,0.07099,CGGGCCGGAGGCGGCGGGAAGTG
Smim32,27,GCACTTCCCGCCGCCTCCGGCCC,0.06473,GGGCCGGAGGCGGCGGGAAGTGC
Smim32,28,GGCACTTCCCGCCGCCTCCGGCC,0.05315,GGCCGGAGGCGGCGGGAAGTGCC
Smim32,29,CGGCACTTCCCGCCGCCTCCGGC,0.04894,GCCGGAGGCGGCGGGAAGTGCCG
Smim32,30,GCGGCACTTCCCGCCGCCTCCGG,0.06181,CCGGAGGCGGCGGGAAGTGCCGC
Smim32,31,CGCGGCACTTCCCGCCGCCTCCG,0.10323,CGGAGGCGGCGGGAAGTGCCGCG
Smim32,32,GCGCGGCACTTCCCGCCGCCTCC,0.06442,GGAGGCGGCGGGAAGTGCCGCGC
Smim32,33,AGCGCGGCACTTCCCGCCGCCTC,0.13509,GAGGCGGCGGGAAGTGCCGCGCT
Smim32,34,CAGCGCGGCACTTCCCGCCGCCT,0.04812,AGGCGGCGGGAAGTGCCGCGCTG
Smim32,35,CCAGCGCGGCACTTCCCGCCGCC,0.05373,GGCGGCGGGAAGTGCCGCGCTGG
Smim32,36,GCCAGCGCGGCACTTCCCGCCGC,0.13902,GCGGCGGGAAGTGCCGCGCTGGC
Smim32,37,GGCCAGCGCGGCACTTCCCGCCG,0.06872,CGGCGGGAAGTGCCGCGCTGGCC
Smim32,38,GGGCCAGCGCGGCACTTCCCGCC,0.04897,GGCGGGAAGTGCCGCGCTGGCCC
Smim32,39,GGGGCCAGCGCGGCACTTCCCGC,0.06406,GCGGGAAGTGCCGCGCTGGCCCC
Smim32,40,GGGGGCCAGCGCGGCACTTCCCG,0.05846,CGGGAAGTGCCGCGCTGGCCCCC
Smim32,41,CGGGGGCCAGCGCGGCACTTCCC,0.04182,GGGAAGTGCCGCGCTGGCCCCCG
Smim32,42,CCGGGGGCCAGCGCGGCACTTCC,0.04202,GGAAGTGCCGCGCTGGCCCCCGG
Smim32,43,TCCGGGGGCCAGCGCGGCACTTC,0.05838,GAAGTGCCGCGCTGGCCCCCGGA
Smim32,44,CTCCGGGGGCCAGCGCGGCACTT,0.05054,AAGTGCCGCGCTGGCCCCCGGAG
Smim32,45,GCTCCGGGGGCCAGCGCGGCACT,0.0602,AGTGCCGCGCTGGCCCCCGGAGC
Smim32,46,GGCTCCGGGGGCCAGCGCGGCAC,0.05367,GTGCCGCGCTGGCCCCCGGAGCC
Smim32,47,TGGCTCCGGGGGCCAGCGCGGCA,0.05193,TGCCGCGCTGGCCCCCGGAGCCA
Smim32,48,GTGGCTCCGGGGGCCAGCGCGGC,0.0534,GCCGCGCTGGCCCCCGGAGCCAC
Smim32,49,CGTGGCTCCGGGGGCCAGCGCGG,0.05005,CCGCGCTGGCCCCCGGAGCCACG
Smim32,50,CCGTGGCTCCGGGGGCCAGCGCG,0.04894,CGCGCTGGCCCCCGGAGCCACGG
Smim32,51,ACCGTGGCTCCGGGGGCCAGCGC,0.04903,GCGCTGGCCCCCGGAGCCACGGT
Smim32,52,GACCGTGGCTCCGGGGGCCAGCG,0.04359,CGCTGGCCCCCGGAGCCACGGTC
Smim32,53,TGACCGTGGCTCCGGGGGCCAGC,0.04488,GCTGGCCCCCGGAGCCACGGTCA
Smim32,54,TTGACCGTGGCTCCGGGGGCCAG,0.07094,CTGGCCCCCGGAGCCACGGTCAA
Smim32,55,CTTGACCGTGGCTCCGGGGGCCA,0.05664,TGGCCCCCGGAGCCACGGTCAAG
Smim32,56,CCTTGACCGTGGCTCCGGGGGCC,0.05661,GGCCCCCGGAGCCACGGTCAAGG
Smim32,57,GCCTTGACCGTGGCTCCGGGGGC,0.05253,GCCCCCGGAGCCACGGTCAAGGC
Smim32,58,TGCCTTGACCGTGGCTCCGGGGG,0.06626,CCCCCGGAGCCACGGTCAAGGCA
Smim32,59,CTGCCTTGACCGTGGCTCCGGGG,0.06618,CCCCGGAGCCACGGTCAAGGCAG
Smim32,60,TCTGCCTTGACCGTGGCTCCGGG,0.11707,CCCGGAGCCACGGTCAAGGCAGA
Smim32,61,CTCTGCCTTGACCGTGGCTCCGG,0.23534,CCGGAGCCACGGTCAAGGCAGAG
Smim32,62,CCTCTGCCTTGACCGTGGCTCCG,0.26588,CGGAGCCACGGTCAAGGCAGAGG
Smim32,63,CCCTCTGCCTTGACCGTGGCTCC,0.10025,GGAGCCACGGTCAAGGCAGAGGG
Smim32,64,GCCCTCTGCCTTGACCGTGGCTC,0.07168,GAGCCACGGTCAAGGCAGAGGGC
Smim32,65,CGCCCTCTGCCTTGACCGTGGCT,0.06725,AGCCACGGTCAAGGCAGAGGGCG
Smim32,66,GCGCCCTCTGCCTTGACCGTGGC,0.43949,GCCACGGTCAAGGCAGAGGGCGC
Smim32,67,AGCGCCCTCTGCCTTGACCGTGG,0.8287,CCACGGTCAAGGCAGAGGGCGCT
Smim32,68,AAGCGCCCTCTGCCTTGACCGTG,0.43274,CACGGTCAAGGCAGAGGGCGCTT
Smim32,69,AAAGCGCCCTCTGCCTTGACCGT,0.20273,ACGGTCAAGGCAGAGGGCGCTTT
Smim32,70,CAAAGCGCCCTCTGCCTTGACCG,0.28842,CGGTCAAGGCAGAGGGCGCTTTG
Smim32,71,GCAAAGCGCCCTCTGCCTTGACC,0.23114,GGTCAAGGCAGAGGGCGCTTTGC
Smim32,72,GGCAAAGCGCCCTCTGCCTTGAC,0.15388,GTCAAGGCAGAGGGCGCTTTGCC
Smim32,73,CGGCAAAGCGCCCTCTGCCTTGA,0.06278,TCAAGGCAGAGGGCGCTTTGCCG
Smim32,74,GCGGCAAAGCGCCCTCTGCCTTG,0.09691,CAAGGCAGAGGGCGCTTTGCCGC
Smim32,75,AGCGGCAAAGCGCCCTCTGCCTT,0.07606,AAGGCAGAGGGCGCTTTGCCGCT
Smim32,76,CAGCGGCAAAGCGCCCTCTGCCT,0.0534,AGGCAGAGGGCGCTTTGCCGCTG
Smim32,77,CCAGCGGCAAAGCGCCCTCTGCC,0.06729,GGCAGAGGGCGCTTTGCCGCTGG
Smim32,78,TCCAGCGGCAAAGCGCCCTCTGC,0.60366,GCAGAGGGCGCTTTGCCGCTGGA
Smim32,79,CTCCAGCGGCAAAGCGCCCTCTG,0.28978,CAGAGGGCGCTTTGCCGCTGGAG
Smim32,80,GCTCCAGCGGCAAAGCGCCCTCT,0.11864,AGAGGGCGCTTTGCCGCTGGAGC
Smim32,81,AGCTCCAGCGGCAAAGCGCCCTC,0.57646,GAGGGCGCTTTGCCGCTGGAGCT
Smim32,82,CAGCTCCAGCGGCAAAGCGCCCT,0.07516,AGGGCGCTTTGCCGCTGGAGCTG
Smim32,83,CCAGCTCCAGCGGCAAAGCGCCC,0.09911,GGGCGCTTTGCCGCTGGAGCTGG
Smim32,84,GCCAGCTCCAGCGGCAAAGCGCC,0.11543,GGCGCTTTGCCGCTGGAGCTGGC
Smim32,85,GGCCAGCTCCAGCGGCAAAGCGC,0.0895,GCGCTTTGCCGCTGGAGCTGGCC
Smim32,86,TGGCCAGCTCCAGCGGCAAAGCG,0.04737,CGCTTTGCCGCTGGAGCTGGCCA
Smim32,87,GTGGCCAGCTCCAGCGGCAAAGC,0.10349,GCTTTGCCGCTGGAGCTGGCCAC
Smim32,88,GGTGGCCAGCTCCAGCGGCAAAG,0.15143,CTTTGCCGCTGGAGCTGGCCACC
Smim32,89,CGGTGGCCAGCTCCAGCGGCAAA,0.05277,TTTGCCGCTGGAGCTGGCCACCG
Smim32,90,GCGGTGGCCAGCTCCAGCGGCAA,0.05506,TTGCCGCTGGAGCTGGCCACCGC
Smim32,91,CGCGGTGGCCAGCTCCAGCGGCA,0.05621,TGCCGCTGGAGCTGGCCACCGCG
Smim32,92,GCGCGGTGGCCAGCTCCAGCGGC,0.05425,GCCGCTGGAGCTGGCCACCGCGC
Smim32,93,CGCGCGGTGGCCAGCTCCAGCGG,0.05143,CCGCTGGAGCTGGCCACCGCGCG
Smim32,94,ACGCGCGGTGGCCAGCTCCAGCG,0.05389,CGCTGGAGCTGGCCACCGCGCGT
Smim32,95,CACGCGCGGTGGCCAGCTCCAGC,0.03709,GCTGGAGCTGGCCACCGCGCGTG
Smim32,96,CCACGCGCGGTGGCCAGCTCCAG,0.04693,CTGGAGCTGGCCACCGCGCGTGG
Smim32,97,TCCACGCGCGGTGGCCAGCTCCA,0.06095,TGGAGCTGGCCACCGCGCGTGGA
Smim32,98,CTCCACGCGCGGTGGCCAGCTCC,0.06343,GGAGCTGGCCACCGCGCGTGGAG
Smim32,99,ACTCCACGCGCGGTGGCCAGCTC,0.15577,GAGCTGGCCACCGCGCGTGGAGT
Smim32,100,AACTCCACGCGCGGTGGCCAGCT,0.09038,AGCTGGCCACCGCGCGTGGAGTT
Smim32,101,GAACTCCACGCGCGGTGGCCAGC,0.15445,GCTGGCCACCGCGCGTGGAGTTC
Smim32,102,CGAACTCCACGCGCGGTGGCCAG,0.21238,CTGGCCACCGCGCGTGGAGTTCG
Smim32,103,CCGAACTCCACGCGCGGTGGCCA,0.07638,TGGCCACCGCGCGTGGAGTTCGG
Smim32,104,CCCGAACTCCACGCGCGGTGGCC,0.07754,GGCCACCGCGCGTGGAGTTCGGG
Smim32,105,TCCCGAACTCCACGCGCGGTGGC,0.07759,GCCACCGCGCGTGGAGTTCGGGA
Smim32,106,GTCCCGAACTCCACGCGCGGTGG,0.05714,CCACCGCGCGTGGAGTTCGGGAC
Smim32,107,CGTCCCGAACTCCACGCGCGGTG,0.12592,CACCGCGCGTGGAGTTCGGGACG
Smim32,108,CCGTCCCGAACTCCACGCGCGGT,0.17427,ACCGCGCGTGGAGTTCGGGACGG
Smim32,109,GCCGTCCCGAACTCCACGCGCGG,0.21726,CCGCGCGTGGAGTTCGGGACGGC
Smim32,110,AGCCGTCCCGAACTCCACGCGCG,0.34761,CGCGCGTGGAGTTCGGGACGGCT
Smim32,111,GAGCCGTCCCGAACTCCACGCGC,0.05647,GCGCGTGGAGTTCGGGACGGCTC
Smim32,112,CGAGCCGTCCCGAACTCCACGCG,0.08692,CGCGTGGAGTTCGGGACGGCTCG
Smim32,113,CCGAGCCGTCCCGAACTCCACGC,0.10237,GCGTGGAGTTCGGGACGGCTCGG
Smim32,114,GCCGAGCCGTCCCGAACTCCACG,0.09622,CGTGGAGTTCGGGACGGCTCGGC
Smim32,115,GGCCGAGCCGTCCCGAACTCCAC,0.11096,GTGGAGTTCGGGACGGCTCGGCC
Smim32,116,TGGCCGAGCCGTCCCGAACTCCA,0.0421,TGGAGTTCGGGACGGCTCGGCCA
Smim32,117,GTGGCCGAGCCGTCCCGAACTCC,0.05764,GGAGTTCGGGACGGCTCGGCCAC
Smim32,118,GGTGGCCGAGCCGTCCCGAACTC,0.06973,GAGTTCGGGACGGCTCGGCCACC
Smim32,119,TGGTGGCCGAGCCGTCCCGAACT,0.04175,AGTTCGGGACGGCTCGGCCACCA
Smim32,120,TTGGTGGCCGAGCCGTCCCGAAC,0.04522,GTTCGGGACGGCTCGGCCACCAA
Smim32,121,CTTGGTGGCCGAGCCGTCCCGAA,0.08941,TTCGGGACGGCTCGGCCACCAAG
Smim32,122,GCTTGGTGGCCGAGCCGTCCCGA,0.08607,TCGGGACGGCTCGGCCACCAAGC
Smim32,123,GGCTTGGTGGCCGAGCCGTCCCG,0.10052,CGGGACGGCTCGGCCACCAAGCC
Smim32,124,GGGCTTGGTGGCCGAGCCGTCCC,0.06264,GGGACGGCTCGGCCACCAAGCCC
Smim32,125,CGGGCTTGGTGGCCGAGCCGTCC,0.05574,GGACGGCTCGGCCACCAAGCCCG
Smim32,126,TCGGGCTTGGTGGCCGAGCCGTC,0.06513,GACGGCTCGGCCACCAAGCCCGA
Smim32,127,GTCGGGCTTGGTGGCCGAGCCGT,0.06207,ACGGCTCGGCCACCAAGCCCGAC
Smim32,128,GGTCGGGCTTGGTGGCCGAGCCG,0.05175,CGGCTCGGCCACCAAGCCCGACC
Smim32,129,AGGTCGGGCTTGGTGGCCGAGCC,0.05715,GGCTCGGCCACCAAGCCCGACCT
Smim32,130,CAGGTCGGGCTTGGTGGCCGAGC,0.05961,GCTCGGCCACCAAGCCCGACCTG
Smim32,131,GCAGGTCGGGCTTGGTGGCCGAG,0.05162,CTCGGCCACCAAGCCCGACCTGC
Smim32,132,GGCAGGTCGGGCTTGGTGGCCGA,0.05856,TCGGCCACCAAGCCCGACCTGCC
Smim32,133,GGGCAGGTCGGGCTTGGTGGCCG,0.06223,CGGCCACCAAGCCCGACCTGCCC
Smim32,134,TGGGCAGGTCGGGCTTGGTGGCC,0.05387,GGCCACCAAGCCCGACCTGCCCA
Smim32,135,GTGGGCAGGTCGGGCTTGGTGGC,0.05656,GCCACCAAGCCCGACCTGCCCAC
Smim32,136,GGTGGGCAGGTCGGGCTTGGTGG,0.0541,CCACCAAGCCCGACCTGCCCACC
Smim32,137,AGGTGGGCAGGTCGGGCTTGGTG,0.05119,CACCAAGCCCGACCTGCCCACCT
Smim32,138,TAGGTGGGCAGGTCGGGCTTGGT,0.05547,ACCAAGCCCGACCTGCCCACCTA
Smim32,139,GTAGGTGGGCAGGTCGGGCTTGG,0.11874,CCAAGCCCGACCTGCCCACCTAC
Smim32,140,GGTAGGTGGGCAGGTCGGGCTTG,0.10192,CAAGCCCGACCTGCCCACCTACC
Smim32,141,AGGTAGGTGGGCAGGTCGGGCTT,0.05032,AAGCCCGACCTGCCCACCTACCT
Smim32,142,CAGGTAGGTGGGCAGGTCGGGCT,0.04829,AGCCCGACCTGCCCACCTACCTG
Smim32,143,GCAGGTAGGTGGGCAGGTCGGGC,0.07043,GCCCGACCTGCCCACCTACCTGC
Smim32,144,AGCAGGTAGGTGGGCAGGTCGGG,0.12517,CCCGACCTGCCCACCTACCTGCT
Smim32,145,CAGCAGGTAGGTGGGCAGGTCGG,0.22925,CCGACCTGCCCACCTACCTGCTG
Smim32,146,GCAGCAGGTAGGTGGGCAGGTCG,0.44296,CGACCTGCCCACCTACCTGCTGC
Smim32,147,AGCAGCAGGTAGGTGGGCAGGTC,0.46197,GACCTGCCCACCTACCTGCTGCT
Smim32,148,GAGCAGCAGGTAGGTGGGCAGGT,0.09952,ACCTGCCCACCTACCTGCTGCTC
Smim32,149,AGAGCAGCAGGTAGGTGGGCAGG,0.61726,CCTGCCCACCTACCTGCTGCTCT
Smim32,150,AAGAGCAGCAGGTAGGTGGGCAG,0.83242,CTGCCCACCTACCTGCTGCTCTT
Smim32,151,GAAGAGCAGCAGGTAGGTGGGCA,0.08139,TGCCCACCTACCTGCTGCTCTTC
Smim32,152,AGAAGAGCAGCAGGTAGGTGGGC,0.12663,GCCCACCTACCTGCTGCTCTTCT
Smim32,153,AAGAAGAGCAGCAGGTAGGTGGG,0.95059,CCCACCTACCTGCTGCTCTTCTT
Smim32,154,GAAGAAGAGCAGCAGGTAGGTGG,0.85643,CCACCTACCTGCTGCTCTTCTTC
Smim32,155,GGAAGAAGAGCAGCAGGTAGGTG,0.21549,CACCTACCTGCTGCTCTTCTTCC
Smim32,156,AGGAAGAAGAGCAGCAGGTAGGT,0.30166,ACCTACCTGCTGCTCTTCTTCCT
Smim32,157,GAGGAAGAAGAGCAGCAGGTAGG,0.74188,CCTACCTGCTGCTCTTCTTCCTC
Smim32,158,GGAGGAAGAAGAGCAGCAGGTAG,0.27314,CTACCTGCTGCTCTTCTTCCTCC
Smim32,159,AGGAGGAAGAAGAGCAGCAGGTA,0.18814,TACCTGCTGCTCTTCTTCCTCCT
Smim32,160,CAGGAGGAAGAAGAGCAGCAGGT,0.18943,ACCTGCTGCTCTTCTTCCTCCTG
Smim32,161,GCAGGAGGAAGAAGAGCAGCAGG,0.66946,CCTGCTGCTCTTCTTCCTCCTGC
Smim32,162,AGCAGGAGGAAGAAGAGCAGCAG,0.82076,CTGCTGCTCTTCTTCCTCCTGCT
Smim32,163,CAGCAGGAGGAAGAAGAGCAGCA,0.16363,TGCTGCTCTTCTTCCTCCTGCTG
Smim32,164,GCAGCAGGAGGAAGAAGAGCAGC,0.60517,GCTGCTCTTCTTCCTCCTGCTGC
Smim32,165,AGCAGCAGGAGGAAGAAGAGCAG,0.89028,CTGCTCTTCTTCCTCCTGCTGCT
Smim32,166,CAGCAGCAGGAGGAAGAAGAGCA,0.08584,TGCTCTTCTTCCTCCTGCTGCTG
Smim32,167,ACAGCAGCAGGAGGAAGAAGAGC,0.14508,GCTCTTCTTCCTCCTGCTGCTGT
Smim32,168,GACAGCAGCAGGAGGAAGAAGAG,0.11045,CTCTTCTTCCTCCTGCTGCTGTC
Smim32,169,GGACAGCAGCAGGAGGAAGAAGA,0.06229,TCTTCTTCCTCCTGCTGCTGTCC
Smim32,170,CGGACAGCAGCAGGAGGAAGAAG,0.06269,CTTCTTCCTCCTGCTGCTGTCCG
Smim32,171,ACGGACAGCAGCAGGAGGAAGAA,0.10201,TTCTTCCTCCTGCTGCTGTCCGT
Smim32,172,CACGGACAGCAGCAGGAGGAAGA,0.11414,TCTTCCTCCTGCTGCTGTCCGTG
Smim32,173,CCACGGACAGCAGCAGGAGGAAG,0.07269,CTTCCTCCTGCTGCTGTCCGTGG
Smim32,174,GCCACGGACAGCAGCAGGAGGAA,0.06554,TTCCTCCTGCTGCTGTCCGTGGC
Smim32,175,CGCCACGGACAGCAGCAGGAGGA,0.08896,TCCTCCTGCTGCTGTCCGTGGCG
Smim32,176,GCGCCACGGACAGCAGCAGGAGG,0.08755,CCTCCTGCTGCTGTCCGTGGCGC
Smim32,177,AGCGCCACGGACAGCAGCAGGAG,0.31829,CTCCTGCTGCTGTCCGTGGCGCT
Smim32,178,GAGCGCCACGGACAGCAGCAGGA,0.08798,TCCTGCTGCTGTCCGTGGCGCTC
Smim32,179,CGAGCGCCACGGACAGCAGCAGG,0.2202,CCTGCTGCTGTCCGTGGCGCTCG
Smim32,180,ACGAGCGCCACGGACAGCAGCAG,0.84851,CTGCTGCTGTCCGTGGCGCTCGT
Smim32,181,GACGAGCGCCACGGACAGCAGCA,0.09252,TGCTGCTGTCCGTGGCGCTCGTC
Smim32,182,CGACGAGCGCCACGGACAGCAGC,0.17414,GCTGCTGTCCGTGGCGCTCGTCG
Smim32,183,ACGACGAGCGCCACGGACAGCAG,0.79928,CTGCTGTCCGTGGCGCTCGTCGT
Smim32,184,GACGACGAGCGCCACGGACAGCA,0.50856,TGCTGTCCGTGGCGCTCGTCGTC
Smim32,185,GGACGACGAGCGCCACGGACAGC,0.20804,GCTGTCCGTGGCGCTCGTCGTCC
Smim32,186,AGGACGACGAGCGCCACGGACAG,0.11839,CTGTCCGTGGCGCTCGTCGTCCT
Smim32,187,GAGGACGACGAGCGCCACGGACA,0.05324,TGTCCGTGGCGCTCGTCGTCCTC
Smim32,188,AGAGGACGACGAGCGCCACGGAC,0.10833,GTCCGTGGCGCTCGTCGTCCTCT
Smim32,189,AAGAGGACGACGAGCGCCACGGA,0.15774,TCCGTGGCGCTCGTCGTCCTCTT
Smim32,190,AAAGAGGACGACGAGCGCCACGG,0.33852,CCGTGGCGCTCGTCGTCCTCTTT
Smim32,191,TAAAGAGGACGACGAGCGCCACG,0.20731,CGTGGCGCTCGTCGTCCTCTTTA
Smim32,192,ATAAAGAGGACGACGAGCGCCAC,0.6159,GTGGCGCTCGTCGTCCTCTTTAT
Smim32,193,GATAAAGAGGACGACGAGCGCCA,0.30656,TGGCGCTCGTCGTCCTCTTTATC
Smim32,194,CGATAAAGAGGACGACGAGCGCC,0.27069,GGCGCTCGTCGTCCTCTTTATCG
Smim32,195,CCGATAAAGAGGACGACGAGCGC,0.77183,GCGCTCGTCGTCCTCTTTATCGG
Smim32,196,GCCGATAAAGAGGACGACGAGCG,0.69751,CGCTCGTCGTCCTCTTTATCGGC
Smim32,197,AGCCGATAAAGAGGACGACGAGC,0.386,GCTCGTCGTCCTCTTTATCGGCT
Smim32,198,CAGCCGATAAAGAGGACGACGAG,0.61673,CTCGTCGTCCTCTTTATCGGCTG
Smim32,199,GCAGCCGATAAAGAGGACGACGA,0.92309,TCGTCGTCCTCTTTATCGGCTGC
Smim32,200,GGCAGCCGATAAAGAGGACGACG,0.18947,CGTCGTCCTCTTTATCGGCTGCC
Smim32,201,TGGCAGCCGATAAAGAGGACGAC,0.10845,GTCGTCCTCTTTATCGGCTGCCA
Smim32,202,CTGGCAGCCGATAAAGAGGACGA,0.59259,TCGTCCTCTTTATCGGCTGCCAG
Smim32,203,GCTGGCAGCCGATAAAGAGGACG,0.11329,CGTCCTCTTTATCGGCTGCCAGC
Smim32,204,AGCTGGCAGCCGATAAAGAGGAC,0.06114,GTCCTCTTTATCGGCTGCCAGCT
Smim32,205,CAGCTGGCAGCCGATAAAGAGGA,0.06224,TCCTCTTTATCGGCTGCCAGCTG
Smim32,206,GCAGCTGGCAGCCGATAAAGAGG,0.0913,CCTCTTTATCGGCTGCCAGCTGC
Smim32,207,CGCAGCTGGCAGCCGATAAAGAG,0.11976,CTCTTTATCGGCTGCCAGCTGCG
Smim32,208,GCGCAGCTGGCAGCCGATAAAGA,0.05634,TCTTTATCGGCTGCCAGCTGCGC
Smim32,209,GGCGCAGCTGGCAGCCGATAAAG,0.06818,CTTTATCGGCTGCCAGCTGCGCC
Smim32,210,TGGCGCAGCTGGCAGCCGATAAA,0.05053,TTTATCGGCTGCCAGCTGCGCCA
Smim32,211,GTGGCGCAGCTGGCAGCCGATAA,0.06381,TTATCGGCTGCCAGCTGCGCCAC
Smim32,212,AGTGGCGCAGCTGGCAGCCGATA,0.17324,TATCGGCTGCCAGCTGCGCCACT
Smim32,213,GAGTGGCGCAGCTGGCAGCCGAT,0.11608,ATCGGCTGCCAGCTGCGCCACTC
Smim32,214,CGAGTGGCGCAGCTGGCAGCCGA,0.42234,TCGGCTGCCAGCTGCGCCACTCG
Smim32,215,CCGAGTGGCGCAGCTGGCAGCCG,0.78268,CGGCTGCCAGCTGCGCCACTCGG
Smim32,216,GCCGAGTGGCGCAGCTGGCAGCC,0.09618,GGCTGCCAGCTGCGCCACTCGGC
Smim32,217,GGCCGAGTGGCGCAGCTGGCAGC,0.07525,GCTGCCAGCTGCGCCACTCGGCC
Smim32,218,AGGCCGAGTGGCGCAGCTGGCAG,0.06018,CTGCCAGCTGCGCCACTCGGCCT
Smim32,219,AAGGCCGAGTGGCGCAGCTGGCA,0.05812,TGCCAGCTGCGCCACTCGGCCTT
Smim32,220,AAAGGCCGAGTGGCGCAGCTGGC,0.11181,GCCAGCTGCGCCACTCGGCCTTT
Smim32,221,CAAAGGCCGAGTGGCGCAGCTGG,0.26945,CCAGCTGCGCCACTCGGCCTTTG
Smim32,222,GCAAAGGCCGAGTGGCGCAGCTG,0.94981,CAGCTGCGCCACTCGGCCTTTGC
Smim32,223,AGCAAAGGCCGAGTGGCGCAGCT,0.95958,AGCTGCGCCACTCGGCCTTTGCT
Smim32,224,CAGCAAAGGCCGAGTGGCGCAGC,0.09153,GCTGCGCCACTCGGCCTTTGCTG
Smim32,225,GCAGCAAAGGCCGAGTGGCGCAG,0.13156,CTGCGCCACTCGGCCTTTGCTGC
Smim32,226,CGCAGCAAAGGCCGAGTGGCGCA,0.07208,TGCGCCACTCGGCCTTTGCTGCG
Smim32,227,GCGCAGCAAAGGCCGAGTGGCGC,0.05958,GCGCCACTCGGCCTTTGCTGCGC
Smim32,228,AGCGCAGCAAAGGCCGAGTGGCG,0.05972,CGCCACTCGGCCTTTGCTGCGCT
Smim32,229,CAGCGCAGCAAAGGCCGAGTGGC,0.06606,GCCACTCGGCCTTTGCTGCGCTG
Smim32,230,GCAGCGCAGCAAAGGCCGAGTGG,0.13276,CCACTCGGCCTTTGCTGCGCTGC
Smim32,231,GGCAGCGCAGCAAAGGCCGAGTG,0.1299,CACTCGGCCTTTGCTGCGCTGCC
Smim32,232,GGGCAGCGCAGCAAAGGCCGAGT,0.05802,ACTCGGCCTTTGCTGCGCTGCCC
Smim32,233,GGGGCAGCGCAGCAAAGGCCGAG,0.06118,CTCGGCCTTTGCTGCGCTGCCCC
Smim32,234,TGGGGCAGCGCAGCAAAGGCCGA,0.0798,TCGGCCTTTGCTGCGCTGCCCCA
Smim32,235,GTGGGGCAGCGCAGCAAAGGCCG,0.06135,CGGCCTTTGCTGCGCTGCCCCAC
Smim32,236,CGTGGGGCAGCGCAGCAAAGGCC,0.06122,GGCCTTTGCTGCGCTGCCCCACG
Smim32,237,TCGTGGGGCAGCGCAGCAAAGGC,0.05989,GCCTTTGCTGCGCTGCCCCACGA
Smim32,238,ATCGTGGGGCAGCGCAGCAAAGG,0.07205,CCTTTGCTGCGCTGCCCCACGAT
Smim32,239,GATCGTGGGGCAGCGCAGCAAAG,0.06896,CTTTGCTGCGCTGCCCCACGATC
Smim32,240,CGATCGTGGGGCAGCGCAGCAAA,0.31827,TTTGCTGCGCTGCCCCACGATCG
Smim32,241,GCGATCGTGGGGCAGCGCAGCAA,0.49593,TTGCTGCGCTGCCCCACGATCGC
Smim32,242,AGCGATCGTGGGGCAGCGCAGCA,0.73581,TGCTGCGCTGCCCCACGATCGCT
Smim32,243,GAGCGATCGTGGGGCAGCGCAGC,0.18476,GCTGCGCTGCCCCACGATCGCTC
Smim32,244,CGAGCGATCGTGGGGCAGCGCAG,0.51243,CTGCGCTGCCCCACGATCGCTCG
Smim32,245,GCGAGCGATCGTGGGGCAGCGCA,0.17089,TGCGCTGCCCCACGATCGCTCGC
Smim32,246,AGCGAGCGATCGTGGGGCAGCGC,0.30705,GCGCTGCCCCACGATCGCTCGCT
Smim32,247,GAGCGAGCGATCGTGGGGCAGCG,0.06893,CGCTGCCCCACGATCGCTCGCTC
Smim32,248,GGAGCGAGCGATCGTGGGGCAGC,0.09401,GCTGCCCCACGATCGCTCGCTCC
Smim32,249,CGGAGCGAGCGATCGTGGGGCAG,0.07105,CTGCCCCACGATCGCTCGCTCCG
Smim32,250,GCGGAGCGAGCGATCGTGGGGCA,0.05295,TGCCCCACGATCGCTCGCTCCGC
Smim32,251,CGCGGAGCGAGCGATCGTGGGGC,0.0625,GCCCCACGATCGCTCGCTCCGCG
Smim32,252,TCGCGGAGCGAGCGATCGTGGGG,0.0642,CCCCACGATCGCTCGCTCCGCGA
Smim32,253,GTCGCGGAGCGAGCGATCGTGGG,0.08395,CCCACGATCGCTCGCTCCGCGAC
Smim32,254,CGTCGCGGAGCGAGCGATCGTGG,0.19174,CCACGATCGCTCGCTCCGCGACG
Smim32,255,GCGTCGCGGAGCGAGCGATCGTG,0.23588,CACGATCGCTCGCTCCGCGACGC
Smim32,256,GGCGTCGCGGAGCGAGCGATCGT,0.29056,ACGATCGCTCGCTCCGCGACGCC
Smim32,257,GGGCGTCGCGGAGCGAGCGATCG,0.06554,CGATCGCTCGCTCCGCGACGCCC
Smim32,258,CGGGCGTCGCGGAGCGAGCGATC,0.04342,GATCGCTCGCTCCGCGACGCCCG
Smim32,259,ACGGGCGTCGCGGAGCGAGCGAT,0.11291,ATCGCTCGCTCCGCGACGCCCGT
Smim32,260,CACGGGCGTCGCGGAGCGAGCGA,0.1099,TCGCTCGCTCCGCGACGCCCGTG
Smim32,261,GCACGGGCGTCGCGGAGCGAGCG,0.06909,CGCTCGCTCCGCGACGCCCGTGC
Smim32,262,CGCACGGGCGTCGCGGAGCGAGC,0.12406,GCTCGCTCCGCGACGCCCGTGCG
Smim32,263,GCGCACGGGCGTCGCGGAGCGAG,0.14573,CTCGCTCCGCGACGCCCGTGCGC
Smim32,264,GGCGCACGGGCGTCGCGGAGCGA,0.07769,TCGCTCCGCGACGCCCGTGCGCC
Smim32,265,GGGCGCACGGGCGTCGCGGAGCG,0.05882,CGCTCCGCGACGCCCGTGCGCCC
Smim32,266,AGGGCGCACGGGCGTCGCGGAGC,0.05566,GCTCCGCGACGCCCGTGCGCCCT
Smim32,267,CAGGGCGCACGGGCGTCGCGGAG,0.04805,CTCCGCGACGCCCGTGCGCCCTG
Smim32,268,CCAGGGCGCACGGGCGTCGCGGA,0.06137,TCCGCGACGCCCGTGCGCCCTGG
Smim32,269,TCCAGGGCGCACGGGCGTCGCGG,0.06985,CCGCGACGCCCGTGCGCCCTGGA
Smim32,270,TTCCAGGGCGCACGGGCGTCGCG,0.05771,CGCGACGCCCGTGCGCCCTGGAA
Smim32,271,CTTCCAGGGCGCACGGGCGTCGC,0.05937,GCGACGCCCGTGCGCCCTGGAAG
Smim32,272,TCTTCCAGGGCGCACGGGCGTCG,0.07698,CGACGCCCGTGCGCCCTGGAAGA
Smim32,273,GTCTTCCAGGGCGCACGGGCGTC,0.1022,GACGCCCGTGCGCCCTGGAAGAC
Smim32,274,CGTCTTCCAGGGCGCACGGGCGT,0.10711,ACGCCCGTGCGCCCTGGAAGACG
Smim32,275,GCGTCTTCCAGGGCGCACGGGCG,0.06775,CGCCCGTGCGCCCTGGAAGACGC
Smim32,276,CGCGTCTTCCAGGGCGCACGGGC,0.06126,GCCCGTGCGCCCTGGAAGACGCG
Smim32,277,TCGCGTCTTCCAGGGCGCACGGG,0.0705,CCCGTGCGCCCTGGAAGACGCGA
Smim32,278,GTCGCGTCTTCCAGGGCGCACGG,0.3466,CCGTGCGCCCTGGAAGACGCGAC
Smim32,279,GGTCGCGTCTTCCAGGGCGCACG,0.41974,CGTGCGCCCTGGAAGACGCGACC
Smim32,280,CGGTCGCGTCTTCCAGGGCGCAC,0.11423,GTGCGCCCTGGAAGACGCGACCG
Smim32,281,CCGGTCGCGTCTTCCAGGGCGCA,0.061,TGCGCCCTGGAAGACGCGACCGG
Smim32,282,ACCGGTCGCGTCTTCCAGGGCGC,0.14073,GCGCCCTGGAAGACGCGACCGGT
Smim32,283,TACCGGTCGCGTCTTCCAGGGCG,0.06309,CGCCCTGGAAGACGCGACCGGTA
Smim32,284,ATACCGGTCGCGTCTTCCAGGGC,0.08131,GCCCTGGAAGACGCGACCGGTAT
Smim32,285,TATACCGGTCGCGTCTTCCAGGG,0.11371,CCCTGGAAGACGCGACCGGTATA
Smim32,286,CTATACCGGTCGCGTCTTCCAGG,0.42991,CCTGGAAGACGCGACCGGTATAG
