Gene,Position,Sequence,Score,Target,MM0,MM1,MM2,MM3,MM4,MM5
Nanog,113,AGAGCATCTCAGTAGCAGACCCT,0.99474,AGGGTCTGCTACTGAGATGCTCT,1,0,0,0,0,0
Nanog,111,AGCATCTCAGTAGCAGACCCTTG,0.99028,CAAGGGTCTGCTACTGAGATGCT,1,0,0,0,0,0
Nanog,319,AAACCTGTCCTTGAGTGCACACA,0.98763,TGTGTGCACTCAAGGACAGGTTT,1,0,0,0,0,0
Nanog,110,GCATCTCAGTAGCAGACCCTTGT,0.98659,ACAAGGGTCTGCTACTGAGATGC,1,0,0,0,0,0
Nanog,320,GAAACCTGTCCTTGAGTGCACAC,0.9865,GTGTGCACTCAAGGACAGGTTTC,1,0,0,0,0,0
Nanog,317,ACCTGTCCTTGAGTGCACACAGC,0.98373,GCTGTGTGCACTCAAGGACAGGT,1,0,0,0,0,0
Nanog,729,CCGAAGTTATGGAGCGGAGCAGC,0.98128,GCTGCTCCGCTCCATAACTTCGG,1,0,0,0,0,0
Nanog,761,GCAACTGTACGTAAGGCTGCAGA,0.97825,TCTGCAGCCTTACGTACAGTTGC,1,0,0,0,0,0
Nanog,466,ATTGCTAGTCTTCAACCACTGGT,0.97815,ACCAGTGGTTGAAGACTAGCAAT,1,0,0,0,0,0
Nanog,570,CCCCACATGGAAAGGCTTCCAGA,0.97766,TCTGGAAGCCTTTCCATGTGGGG,1,0,0,0,0,0
Sox2,634,GTTCATGTAGGTCTGCGAGCTGG,0.98525,CCAGCTCGCAGACCTACATGAAC,1,0,0,0,0,0
Sox2,478,CCAGCCGTTCATGTGCGCGTAGC,0.98374,GCTACGCGCACATGAACGGCTGG,1,0,0,0,0,0
Sox2,589,GCTGACGTCGTAGCGGTGCATCG,0.98199,CGATGCACCGCTACGACGTCAGC,1,0,0,0,0,0
Sox2,468,ATGTGCGCGTAGCTGTCCATGCG,0.98192,CGCATGGACAGCTACGCGCACAT,1,0,0,0,0,0
Sox2,287,TCATGTGCAGAGCGCGCAGCCGC,0.97874,GCGGCTGCGCGCTCTGCACATGA,1,0,0,0,0,0
Sox2,480,CTCCAGCCGTTCATGTGCGCGTA,0.97612,TACGCGCACATGAACGGCTGGAG,1,0,0,0,0,0
Sox2,349,ATCCTTCTTCATGAGCGTCTTGG,0.97602,CCAAGACGCTCATGAAGAAGGAT,1,0,0,0,0,0
Sox2,481,GCTCCAGCCGTTCATGTGCGCGT,0.97452,ACGCGCACATGAACGGCTGGAGC,1,0,0,0,0,0
Sox2,232,CTCGGACAAAAGTTTCCACTCCG,0.97319,CGGAGTGGAAACTTTTGTCCGAG,1,0,0,0,0,0
Sox2,505,CTGCATCATGCTGTAGCTGCCGT,0.97157,ACGGCAGCTACAGCATGATGCAG,1,0,0,0,0,0
